ra,dec,mE1,mE2,modelMag_r,Predicted_Label,Dark_Matter_Probability,Observed_Eps1,Observed_Eps2,log10_M_halo,log10_c_pred,log10_c_ref,z
152.20920481253532,1.3124905320178837,0.1623443905293584,0.0024802319096158,20.01201794272849,1,0.8977321332548835,0.1623443905293584,0.0024802319096158,4.495192822908603,1.5368335537089848,1.4123264307572998,0.08773730719279554
150.2779841211173,4.522965580732119,0.0400645808192752,0.0605346537935723,20.153181417555945,1,0.847546140610969,0.0400645808192752,0.0605346537935723,4.438727432977622,1.4463298783358247,1.4170695235115023,0.07407686177542044
150.99977035536665,1.4168493879536408,-0.2600719685475915,0.1973291369141984,18.40784919109272,0,0.2497111924674969,-0.2600719685475915,0.1973291369141984,5.136860323562912,1.5055796414174418,1.358426360702338,0.0697015740995268
154.91997965822915,2.253615909027136,0.0772342937998001,0.0044614883813828,18.119469424686915,1,0.8999098411195138,0.0772342937998001,0.0044614883813828,5.252212230125234,1.6271912790123066,1.348736800551103,0.07024840839871092
154.77273363228915,4.437648841164737,0.0679933611390497,0.1076522139475379,21.778574527093003,1,0.8186867192258813,0.0679933611390497,0.1076522139475379,3.788570189162799,1.486559725783447,1.4716827319919474,0.03594911512197552
154.45050731700633,0.903525117789642,0.046044574595144,0.0084371358532991,21.89644472777634,1,0.7442772814195436,0.046044574595144,0.0084371358532991,3.741422108889463,1.4905226271925305,1.4756431707349076,0.029359184426449338
153.95505106268354,1.934564142317224,-0.169998018351111,0.0310838202538928,18.584458678805028,1,0.7697814598981906,-0.169998018351111,0.0310838202538928,5.066216528477988,1.6512423618155803,1.3643604394894715,0.08093611554785136
153.03644007620002,4.532580136319528,0.025802685802524,0.0442640694770996,21.02140290403188,1,0.8087873254615132,0.025802685802524,0.0442640694770996,4.091438838387248,1.6113569748300303,1.4462417654570938,0.08101133946791808
153.58500193348848,0.4945777500303716,0.0285760189909508,0.135247028331788,19.324855464856764,1,0.8649946687726789,0.0285760189909508,0.135247028331788,4.770057814057294,1.368816613610567,1.3892377715008097,0.08670723185801038
153.21714179027026,4.231200521741385,0.2145377053533687,0.0028683633072591,20.371866862656987,1,0.9495769209757872,0.2145377053533687,0.0028683633072591,4.351253254937205,1.555801361004792,1.4244173544668972,0.09132405525564713
151.26535446218134,4.038436405402821,-0.2103138651371218,0.0057308675741417,21.959730477397294,0,0.2693212537041803,-0.2103138651371218,0.0057308675741417,3.716107809041082,1.4582569180003022,1.4777695719221715,0.05113423988609378
150.36221558504536,4.809769199962785,0.0785667986196007,0.0881272792117027,20.977664084494485,1,0.8045645190521453,0.0785667986196007,0.0881272792117027,4.108934366202206,1.424912678085099,1.4447721411206373,0.05015162946871996
154.7822963800598,3.350605354451029,-0.0962222362638416,0.0383539770877032,18.37412626459797,0,0.1058960152001627,-0.0962222362638416,0.0383539770877032,5.150349494160812,1.4435876111070194,1.3572932703721143,0.07982951789667753
153.76844745376837,3.655060158735553,-0.0167061289135527,0.0208406884496434,18.386917408752016,0,0.3427826317783539,-0.0167061289135527,0.0208406884496434,5.145233036499193,1.1207310161170205,1.3577230528156903,0.06499639307777652
153.86746915387607,3.5258459473056964,-0.0761431364727048,-0.1507041291406913,21.743258362058963,0,0.3219810681316457,-0.0761431364727048,-0.1507041291406913,3.8026966551764136,1.2617584339698489,1.4704961088468038,0.07019668772577034
150.23674918512475,3.678931165320769,-0.0565342308631003,0.147082679329897,19.436310401165507,1,0.9529790265016927,-0.0565342308631003,0.147082679329897,4.725475839533797,1.3586395279746377,1.3929826573607835,0.07957926694361012
154.8330298457696,0.9489755879784034,-0.10627021450381,-0.2346956875247005,21.67826782534388,1,0.6790836508475941,-0.10627021450381,-0.2346956875247005,3.828692869862447,1.3663877587630133,1.4683124268131769,0.08900053418175663
150.1944371217182,0.6831809777444409,0.0996794594452568,-0.1694402047367664,19.58176897747239,0,0.2988232545688426,0.0996794594452568,-0.1694402047367664,4.6672924090110435,1.495007165413986,1.397870065524695,0.03379951568515358
154.07331589236432,1.3818818442037528,0.1265033352898307,0.1006684930334772,20.87779631253062,1,0.833688275629094,0.1265033352898307,0.1006684930334772,4.148881474987752,1.3552129726544697,1.4414165839826514,0.0375582952639944
152.44449927982774,0.6150696787560561,0.1004362809660628,0.0540011575675166,19.56874911050226,1,0.8298855419291187,0.1004362809660628,0.0540011575675166,4.672500355799095,1.2355870427942046,1.3974325979944984,0.009398193984086901
151.67595042741627,4.633410451097096,0.1846466124958427,0.1458183819186111,19.67607742840966,1,0.530789081438535,0.1846466124958427,0.1458183819186111,4.629569028636136,1.67088614481442,1.401038829476187,0.0578280140996174
152.09138064229782,3.277960675545639,-0.044125366866095,-0.092764339163693,20.526872568833603,0,0.4741895624124673,-0.044125366866095,-0.092764339163693,4.289250972466558,1.4457591011214512,1.4296255461944316,0.003594227379674209
151.01402761441085,3.20511245122218,0.0203399341414723,0.0043420394274775,20.98329161828972,0,0.4930589713147935,0.0203399341414723,0.0043420394274775,4.1066833526841116,1.5050904569593457,1.444961226256157,0.04655980181324602
150.67267648978728,1.1186530773514152,0.0657847685981464,0.2667268124729884,18.922378269701035,1,0.5805601368296426,0.0657847685981464,0.2667268124729884,4.931048692119585,1.2120023098115589,1.3757145377435773,0.05426446347075767
152.45692798542743,2.7401954618456115,0.0870694102067506,-0.0869208388134246,19.23593731082351,1,0.5038238471047174,0.0870694102067506,-0.0869208388134246,4.805625075670596,1.3545927128465152,1.3862501215252925,0.02865412521282844
153.5417486043131,2.029981702300452,-0.0127457597558549,0.0031628568744095,18.761546872819164,0,0.2021835891290192,-0.0127457597558549,0.0031628568744095,4.9953812508723345,1.4369489912648266,1.3703106028083465,0.05908332605690108
151.461996342304,1.4086674316576908,0.0325547321924544,-0.2025128295024385,19.583910703593023,0,0.3162903780820517,0.0325547321924544,-0.2025128295024385,4.6664357185627905,1.2752929909090025,1.397942027522348,0.003050024993904943
152.88190281102766,1.256430730117029,-0.1947390522603765,-0.0044093633742245,21.93790475591848,0,0.2274923219813908,-0.1947390522603765,-0.0044093633742245,3.724838097632608,1.5833909304323341,1.4770362276804834,0.0037348188749214417
150.83211224706534,3.761192317719898,0.0482606910131013,0.0014939690658512,20.813862911141403,1,0.7036188991584038,0.0482606910131013,0.0014939690658512,4.174454835543438,1.399172618208153,1.4392684216959737,0.08226005606596583
154.12540405667897,4.94614147090508,-0.121059031223835,0.1551315859238496,20.49300231892008,1,0.7270103494880549,-0.121059031223835,0.1551315859238496,4.302799072431968,1.4347334433283456,1.4284875057973372,0.03601906414112629
151.1384643732024,2.158609456075688,-0.0268115565777067,-0.0535027148079455,20.352114139360232,0,0.222661230448335,-0.0268115565777067,-0.0535027148079455,4.3591543442559075,1.3834976711297169,1.4237536629641263,0.012706051265188478
154.1597853978439,1.3068119375695852,0.1315215413282899,-0.0002001544006902,21.78615663266127,1,0.91586065676717,0.1315215413282899,-0.0002001544006902,3.7855373469354916,1.799779218415382,1.4719374907390412,0.05222432600548044
154.76836796102788,2.150562306631623,-0.0428845035180795,0.1268214158989585,21.37032402915823,1,0.8633246708320853,-0.0428845035180795,0.1268214158989585,3.951870388336708,1.5059409315506491,1.457965515261339,0.07699935530986109
154.7136404677591,0.954635804327374,-0.0568148185614814,0.1647803327687006,18.42379236633416,1,0.956885334569892,-0.0568148185614814,0.1647803327687006,5.130483053466336,1.2503054120470654,1.3589620513904503,0.02158210274968432
151.0687904413566,0.0722294822628866,0.1600804390259554,-0.0409642364386146,20.13680847125223,1,0.902684297656958,0.1600804390259554,-0.0409642364386146,4.445276611499107,1.589901129331176,1.4165193925156976,0.06228904758190003
150.52127659836006,1.6651998863917834,-0.1673114754861085,-0.1071355507861573,21.37018253575517,1,0.723146579949906,-0.1673114754861085,-0.1071355507861573,3.9519269856979324,1.324834213587343,1.4579607610829963,0.0085347464993768
150.3587180675685,1.0020354991113878,-0.043306166977516,0.0040691509699249,18.49467876712997,0,0.0750525045119178,-0.043306166977516,0.0040691509699249,5.102128493148012,1.442673373707903,1.3613438344571895,0.00516817211686077
151.278762935482,3.6878329173322606,0.1385209587528602,-0.1347577725573187,18.95706714406126,1,0.5556724121720402,0.1385209587528602,-0.1347577725573187,4.917173142375496,1.1329295653401148,1.376880083922081,0.053135463156814805
153.19197884858775,0.3572698843146116,-0.0570827828181611,-0.1334117060808218,21.868392957290364,0,0.0283948147384976,-0.0570827828181611,-0.1334117060808218,3.7526428170838546,1.3254727239118143,1.4747006312465787,0.05406351216101066
150.22537700757525,2.3694614356538053,-0.0095078090196397,-0.015307795433383,18.768338937890565,0,0.1203733835540983,-0.0095078090196397,-0.015307795433383,4.992664424843774,1.450068001575114,1.3705388161947454,0.06374299014982066
154.50674022784008,1.6953134242264372,-0.0544229629019552,-0.1248981840677853,21.639212327459816,0,0.046651159941189,-0.0544229629019552,-0.1248981840677853,3.844315069016073,1.6277701490835839,1.4670001620842723,0.07260913337226615
154.6315923728965,2.8711594637986644,-0.0634835079732649,-0.0980119307186329,20.619051683040407,0,0.1990085046572534,-0.0634835079732649,-0.0980119307186329,4.252379326783837,1.5084280066102758,1.4327227644317801,0.09758520794625347
154.47084367132354,0.6990635046643645,-0.1031866028332577,0.0840221120771366,19.21983117410651,1,0.5133291331447999,-0.1031866028332577,0.0840221120771366,4.812067530357396,1.418361712973365,1.385708955331601,0.051630034830119534
153.8748992644288,0.418977174516526,-0.0314026407064577,0.0766907732467664,18.815722648687814,1,0.6643906610243779,-0.0314026407064577,0.0766907732467664,4.9737109405248745,1.3769653545391398,1.372130908877533,0.032295647294124596
150.67783325843558,4.262541122339771,0.0165690275966252,-0.0271444951957383,18.12481123915479,0,0.2200032731289627,0.0165690275966252,-0.0271444951957383,5.250075504338083,1.1771379869621093,1.3489162855172234,0.07951861947687038
151.02659081091122,3.55922576423515,0.1413758131598828,0.0700644459149138,21.80993490250171,1,0.8350570353965474,0.1413758131598828,0.0700644459149138,3.7760260389993157,1.4147598093464737,1.47273644060568,0.027083225126207422
150.9923671612701,3.2870704153968173,-0.213318655200707,0.0239409631721521,19.92896263456867,0,0.2047903390651778,-0.213318655200707,0.0239409631721521,4.528414946172532,1.3904399567591619,1.4095357724031299,0.04389714207056361
154.54124312066557,1.5481944837466983,-0.1558157610214382,-0.0512641686511741,20.558697399588425,0,0.1515424099409157,-0.1558157610214382,-0.0512641686511741,4.27652104016463,1.639263194440631,1.4306948605077936,0.007845638134226595
154.96562024452027,2.016675053568883,0.1475970371541263,-0.0062125791211274,18.322805864712787,1,0.9017060115825054,0.1475970371541263,-0.0062125791211274,5.170877654114885,1.4571116483712416,1.3555689049359723,0.0025350743415457513
153.88041065934,4.700954244206564,-0.0650978801714201,-0.0605370162519669,21.88099997265335,0,0.3876374126038411,-0.0650978801714201,-0.0605370162519669,3.74760001093866,1.260668203658365,1.4751242269627751,0.09626484146779252
152.5946817124584,3.7672038611964993,-0.0541678074167123,-0.2308480727983854,19.083147825854663,1,0.586683556910786,-0.0541678074167123,-0.2308480727983854,4.866740869658134,1.4797289902395587,1.3811163948303393,0.08359801205122058
152.66834620336002,4.401685073983465,0.0765191968947419,-0.0948053885132199,18.813681956241023,0,0.481494676173012,0.0765191968947419,-0.0948053885132199,4.97452721750359,1.3642999995488734,1.372062341611321,0.0695974206093698
154.43099504475165,1.0581365652970072,-0.03737788702999,0.0649086643827461,20.85234310447289,1,0.6050112422161522,-0.03737788702999,0.0649086643827461,4.159062758210844,1.389023056146018,1.4405613561919117,0.04089529444142699
151.9199762017876,4.760110557557061,0.0155075527567214,0.0451232174968417,21.157627953877192,1,0.7667857177499713,0.0155075527567214,0.0451232174968417,4.0369488184491225,1.5925703704580265,1.4508189271318963,0.017329432007084578
150.49519346264708,1.458190780703004,-0.0857286995585526,0.0638835129583841,18.30506564232709,0,0.3464371987442879,-0.0857286995585526,0.0638835129583841,5.177973743069163,1.5596227618382055,1.3549728334638127,0.015643704267108604
153.8837300939959,4.491853428902352,0.1331379091945971,0.059043529081739,20.54066647374343,1,0.8361390020161025,0.1331379091945971,0.059043529081739,4.283733410502629,1.6197810392668315,1.4300890213994017,0.025024289816459534
154.9226669592136,0.0423592125112604,-0.0038514878126011,0.0470581705914514,18.012257913282774,1,0.6760442870456187,-0.0038514878126011,0.0470581705914514,5.29509683468689,1.269251865284528,1.3451344937679237,0.05492266647061205
150.0407114342196,0.3350328694442378,0.0423757528816641,-0.0195432211867791,20.41625928695932,0,0.460143968724872,0.0423757528816641,-0.0195432211867791,4.333496285216272,1.4295270835457736,1.4259089399234557,0.07145959227000624
154.1712530767058,3.0976640620186764,0.0444377055549054,0.0390181120415237,21.602447410391008,1,0.8631063601686585,0.0444377055549054,0.0390181120415237,3.859021035843597,1.5654543755812949,1.4657648608707603,0.06601973767177313
154.6623398842128,1.3702535556535722,0.0750120618727922,0.0316004780035826,19.91264988045791,1,0.9080967438003362,0.0750120618727922,0.0316004780035826,4.534940047816836,1.6053194329333622,1.4089876638650083,0.027993389694594285
152.13463292594383,3.241621912266029,0.0244001553408465,-0.1060627077894788,20.23919336849728,0,0.2688162483756592,0.0244001553408465,-0.1060627077894788,4.404322652601088,1.3980833893863378,1.4199595250631312,0.09548652806631941
154.1365619967126,3.749937956885128,0.0750160314755428,0.1160510678417926,20.42315487959321,1,0.835894912294717,0.0750160314755428,0.1160510678417926,4.330738048162717,1.4482917853363817,1.4261406318359542,0.07378969166957686
150.42754848020112,3.690034274796308,0.1061224382929463,0.1904487385046276,21.63896676147557,1,0.6860620703561525,0.1061224382929463,0.1904487385046276,3.8444132954097725,1.3510416649662975,1.4669919110672016,0.055435405251140074
154.5662808662909,4.661106940833928,0.2378610810047078,-0.2110264498148805,20.649873896089403,0,0.384355131752674,0.2378610810047078,-0.2110264498148805,4.240050441564238,1.304327397178126,1.4337583907902265,0.06117207462343523
151.55259597187182,4.966877863796967,-0.0943040891694141,-0.0760684246380773,18.206638133502267,0,0.1007567699776282,-0.0943040891694141,-0.0760684246380773,5.2173447465990925,1.5235445425264285,1.3516656691672988,0.04196000624277899
153.59642591522828,3.351588304817765,0.0996863201166744,-0.058119118867417,19.321616682294103,1,0.5729533871541875,0.0996863201166744,-0.058119118867417,4.771353327082359,1.6425649526923278,1.3891289484067044,0.024773098950115747
152.45893928823463,2.5483680616213644,-0.0148698828455927,-0.0638956929951884,19.23150264410501,0,0.2087888817729471,-0.0148698828455927,-0.0638956929951884,4.807398942357995,1.425299598486501,1.3861011167235509,0.03559726786512616
151.14108183457654,3.775933516480072,-0.1130060102040304,0.0993883056515327,18.296840147176717,1,0.6102714708232682,-0.1130060102040304,0.0993883056515327,5.181263941129313,1.555226391510564,1.3546964568267603,0.07578461104643691
153.2287374470098,0.257388291506172,0.166178274441735,0.0272490218220684,20.188434692537104,1,0.9014356411653944,0.166178274441735,0.0272490218220684,4.424626122985158,1.5224994373080145,1.4182540335508693,0.0014393488629755868
151.2295052404075,1.8670477795024156,0.1459557432697798,0.0288875005585516,18.610241930967163,1,0.8718132004801691,0.1459557432697798,0.0288875005585516,5.055903227613134,1.3184587935713508,1.3652267567621192,0.011607264050691624
152.46070126254116,4.957303654254651,-0.0886575906640255,-0.050910570905952,20.569288595464307,0,0.2844206750757964,-0.0886575906640255,-0.050910570905952,4.272284561814276,1.5352600655154853,1.4310507246892232,0.004600264202175275
151.01183514832942,3.3571566453292947,0.0568018555187952,-0.012417532926544,21.302218495953547,1,0.6460229311000304,0.0568018555187952,-0.012417532926544,3.9791126016185814,1.736382654315557,1.4556771693456616,0.004072880231897014
151.8761368189575,3.3004335385926358,-0.0018479738739258,0.1284479074881067,21.43606223992853,1,0.8948879930601126,-0.0018479738739258,0.1284479074881067,3.9255751040285887,1.5048004132767283,1.460174319143221,0.08554605840110073
154.09268941677732,4.932616037343883,0.0427768797473484,0.1073220480536216,20.66381569624227,1,0.8301315913769823,0.0427768797473484,0.1073220480536216,4.234473721503091,1.7189233836474638,1.4342268352753629,0.07036578593800237
150.5598042330323,2.6231683218381785,0.1518235476077423,0.0589580089762215,20.31144982129775,1,0.8511039077119011,0.1518235476077423,0.0589580089762215,4.3754200714808995,1.0794255762637652,1.4223873418772268,0.04741738290873252
153.56136823496792,1.9114767565309403,0.0365922838938199,0.3339873367909551,20.20662505071081,0,0.3833250525783406,0.0365922838938199,0.3339873367909551,4.4173499797156754,1.5921506052417893,1.4188652295855058,0.009783416065100149
152.31046218487546,2.0633377401486683,-0.0873951740507969,-0.1349073856114834,19.712208783592647,0,0.2344626135825045,-0.0873951740507969,-0.1349073856114834,4.615116486562941,1.465309903246061,1.4022528430103354,0.04916158751168324
154.7753720831341,3.624004212553759,-0.0707119813258863,0.1054861159240512,20.82826122143825,1,0.6125057737572324,-0.0707119813258863,0.1054861159240512,4.1686955114246995,1.4449011023520677,1.4397522049219478,0.04734717707805657
153.83190813979448,4.883775214858156,-0.1135392693578488,-0.0349572207844359,19.790509359913795,0,0.2116672560894612,-0.1135392693578488,-0.0349572207844359,4.583796256034482,1.4686478588550513,1.404883742374726,0.017320186991001518
153.15927559719586,0.8342552185439517,0.0672053300773547,0.1792347166131533,19.389560014878967,1,0.9209115242233858,0.0672053300773547,0.1792347166131533,4.744175994048413,1.143276507191422,1.3914118443815557,0.043385164923797306
151.480069825526,1.8605139870484997,-0.2168240304261893,-0.0877354455252419,18.04981016518453,1,0.9415829414837004,-0.2168240304261893,-0.0877354455252419,5.280075933926187,1.3634454662561961,1.346396249431823,0.03985047343973735
152.82718882528036,0.3209862061370766,-0.053799988447355,-0.0675618328519185,18.600290150769112,0,0.4255687196440598,-0.053799988447355,-0.0675618328519185,5.059883939692355,1.4684592626742268,1.3648923769474648,0.06158500980522165
150.12347360977185,0.6980136366306205,0.1094389784144929,0.0456824347866448,18.76682577056458,1,0.8407733651789092,0.1094389784144929,0.0456824347866448,4.9932696917741675,1.6421720804838198,1.3704879737725923,0.06350936508676439
151.60792560027184,4.109128644429623,1.4604191475620173e-05,-0.0374213625459743,20.27667383461936,0,0.1139991958445097,1.4604191475620173e-05,-0.0374213625459743,4.389330466152256,1.393478335983786,1.421218868724833,0.004530400977204452
152.73331685521603,1.9214294856159173,-0.0958061912963295,-0.0087510591545892,18.178112919391825,0,0.4980651443958211,-0.0958061912963295,-0.0087510591545892,5.228754832243269,1.27943318153921,1.350707221973188,0.037461261462647125
150.30007197559974,3.541396411786246,0.0509962398098186,-0.013238890104048,20.55089564792236,1,0.589264448030816,0.0509962398098186,-0.013238890104048,4.279641740831055,1.4051691651141334,1.4304327216518138,0.06258599157142364
154.50564448009604,3.753102195857738,-0.0015861949076333,-0.120549252585761,21.43539337647118,1,0.7233090483228433,-0.0015861949076333,-0.120549252585761,3.9258426494115284,1.6474621629863655,1.4601518453310542,0.050313625858008776
154.3706276064446,2.145294137913579,-0.018091314678544,-0.1212382333537871,20.926810333866136,1,0.6002476508779245,-0.018091314678544,-0.1212382333537871,4.129275866453545,1.5423761215484775,1.4430634550995247,0.08564898411883223
150.76352772316864,0.1281095340984778,-0.0434036072919138,0.0233384975587075,18.0244714083434,0,0.1613604895357163,-0.0434036072919138,0.0233384975587075,5.2902114366626405,1.316080836636905,1.3455448672019608,0.0658693631618945
152.79373509699337,3.240266683057291,0.0160397124977251,0.0436676760383005,19.043039741703986,1,0.7642148355649633,0.0160397124977251,0.0436676760383005,4.882784103318405,1.5067588781698797,1.3797687632028763,0.01629344270814297
151.01615448905213,3.300819205171241,0.0907761973881002,-0.0430341692682015,19.87608371768368,1,0.6351075759839622,0.0907761973881002,-0.0430341692682015,4.5495665129265275,1.4723206731980003,1.4077590407957943,0.007056874740042985
151.73231219261442,3.661059502349167,0.2000066887149993,0.1151180046041143,21.340831412050143,1,0.6028856529968072,0.2000066887149993,0.1151180046041143,3.963667435179943,1.6522713119064407,1.4569745633265072,0.06424192782063157
154.34575804448804,4.990631439846451,-0.0026737295779033,0.0059664366646686,21.95630412989827,0,0.3073598713514115,-0.0026737295779033,0.0059664366646686,3.717478348040691,1.4223464825646017,1.4776544466462045,0.0026511310541621814
151.5745019348448,2.561364450692926,-0.0824060084215496,-0.1176178850834248,18.969541885230257,0,0.0291615582885036,-0.0824060084215496,-0.1176178850834248,4.912183245907897,1.378149913235694,1.3772992352253592,0.05857755812734633
150.17044129452935,0.199741979015976,0.0501485855958246,-0.1379940284895704,19.908595295390118,0,0.3470360002648451,0.0501485855958246,-0.1379940284895704,4.536561881843952,1.4000352068369069,1.4088514298067305,0.09402302414249576
151.5623368176773,2.4520965037359232,0.151866447627004,0.0438339977207663,19.24072277400145,1,0.8685047341358302,0.151866447627004,0.0438339977207663,4.803710890399419,1.2168836708682536,1.3864109130880713,0.0575474177875879
153.67234195419144,3.894874639713289,-0.0563312854010656,-0.0554843632008391,20.826876462311475,0,0.3918211775802274,-0.0563312854010656,-0.0554843632008391,4.169249415075409,1.5341237185749745,1.439705677015288,0.03881699262065219
153.7713974205952,3.674663916176092,0.0881349981230682,0.2759999352144811,18.75898320443964,1,0.5182148574534615,0.0881349981230682,0.2759999352144811,4.996406718224144,1.459382754377778,1.3702244635507945,0.06432882184423531
151.5457190712655,1.49829786655532,-0.0035259215489786,0.0162725844702832,19.940256355374117,0,0.4069059129001094,-0.0035259215489786,0.0162725844702832,4.523897457850353,1.460682259918562,1.409915241422193,0.04582528904915167
153.54603798844147,2.0458422816174644,-0.1660134125483066,-0.1264086078040087,18.28873076768226,1,0.7593196952595986,-0.1660134125483066,-0.1264086078040087,5.184507692927095,1.3692359116694743,1.3544239816757464,0.0545616789315935
153.69511217015722,0.7326685928406318,-0.0248147049108864,-0.04497727320233,18.475323434230287,0,0.1644365462489484,-0.0248147049108864,-0.04497727320233,5.109870626307885,1.1983878839641982,1.3606934952717602,0.09414648087765252
152.24480810220635,1.109272468011106,-0.0197119800929932,0.0199487537803473,21.84787601720056,0,0.3074831956539487,-0.0197119800929932,0.0199487537803473,3.760849593119776,1.4609144636447575,1.4740112620595613,0.038610263780077425
154.93485069348455,3.162045038815981,-0.0110231761378721,-0.0484342074139844,21.953672588121016,0,0.1193511318364272,-0.0110231761378721,-0.0484342074139844,3.7185309647515936,1.4761588493634732,1.4775660268424886,0.09611905638239143
152.94112013011068,3.92013485139493,0.0460684424690704,-0.0194119315713852,20.01501327337481,0,0.4915851722049748,0.0460684424690704,-0.0194119315713852,4.4939946906500765,1.3420854834837734,1.4124270738670162,0.09053506419560638
154.24967062304128,0.9743072931505686,-0.1034261588034807,-0.0176766749594673,20.567996816352675,0,0.4481865047090352,-0.1034261588034807,-0.0176766749594673,4.27280127345893,1.4568144641611709,1.4310073209110723,0.019579113478929645
153.29957582159804,4.128165789045525,0.0281512041159889,-0.1675117908561157,18.78506407154175,1,0.802355693627882,0.0281512041159889,-0.1675117908561157,4.9859743713833,1.4817084092076063,1.3711007806854254,0.006936130087516546
152.49949184146718,4.43283657789681,0.0137358765770153,-0.1477036805870686,18.36022844145184,1,0.7951101753344192,0.0137358765770153,-0.1477036805870686,5.155908623419263,1.689754188695984,1.3568263035144044,0.010077800137742666
152.65108569815274,4.613991238507678,0.1314277661448422,-0.030497062831598,18.90322859143929,1,0.9293398443729848,0.1314277661448422,-0.030497062831598,4.938708563424283,1.4512577804787585,1.3750711085539826,0.0018221825651549728
154.94283767106492,3.665863707489608,0.1087545420597747,0.0983250226168232,19.043139775198306,1,0.8247629609668645,0.1087545420597747,0.0983250226168232,4.882744089920678,1.4684046829367001,1.3797721243282854,0.00944429607559284
150.97354718898652,4.351323433182398,-0.1565443988723129,-0.0015005223511138,18.75790983503957,0,0.2545519408665975,-0.1565443988723129,-0.0015005223511138,4.996836065984172,1.409021510974027,1.370188398338952,0.06830067734163568
154.24920362215403,2.041097397194966,-0.0375083772445625,-0.0118990612612043,19.148105181254163,0,0.0944496975794065,-0.0375083772445625,-0.0118990612612043,4.840757927498334,1.1454832796769063,1.3832989619717624,0.007118864846022899
151.98980880199517,2.0676543422499054,0.0443393396995505,0.0417226275931253,19.012783512464186,1,0.8641588542518701,0.0443393396995505,0.0417226275931253,4.894886595014325,1.4247750725830366,1.378752153900419,0.03189756302937613
152.95086342865517,3.21483814443616,0.0642964439694203,0.0167662838796578,20.991862624629583,1,0.8894873848272333,0.0642964439694203,0.0167662838796578,4.103254950148166,1.5042837435603305,1.4452492120691764,0.08448753109694546
150.60264773595955,3.5597632038405447,0.0923266360951794,-0.0481688987099082,18.255601979233347,1,0.6026141125671995,0.0923266360951794,-0.0481688987099082,5.19775920830666,1.772797171256656,1.353310854383863,0.0023271935735825868
151.2302570396905,4.527884773425567,0.0609634294799357,-0.1048436396696686,18.74668292949452,0,0.2971406348129953,0.0609634294799357,-0.1048436396696686,5.001326828202192,1.39095702959547,1.3698111743126384,0.08144684825889359
151.14837212720548,1.4387352267111737,-0.0333077617219986,0.1901590501473011,19.52046836659505,1,0.8087505409360335,-0.0333077617219986,0.1901590501473011,4.691812653361979,1.491042466349258,1.3958103649992162,0.028185477477339994
151.5263654692918,3.874369072787305,0.0230920104600323,0.0505676792829011,19.57651973376107,1,0.8103886839290206,0.0230920104600323,0.0505676792829011,4.669392106495572,1.442486925480208,1.3976936909359945,0.011816482762165625
154.89802852563608,2.1814287125177456,-0.1477669169828551,0.0088980386849501,20.199331532590836,1,0.545456573901912,-0.1477669169828551,0.0088980386849501,4.4202673869636655,1.2933184617337448,1.4186201673766745,0.06967371653641506
150.6497510649189,3.604235418878232,-0.1634987537782098,-0.0561312283547174,21.628938285372648,0,0.1761060663545561,-0.1634987537782098,-0.0561312283547174,3.84842468585094,1.6880783764473966,1.4666549542701435,0.0628942846779884
152.89597359421478,2.240516694826882,-0.1080589566156654,0.0540345423326098,18.82811639602096,0,0.1158197471086242,-0.1080589566156654,0.0540345423326098,4.968753441591616,1.5353372936909429,1.3725473387879268,0.0877472013527053
151.2864912025509,1.9088545519140183,-0.0182004285034695,0.180456516202619,21.771750096702835,1,0.8471575905160289,-0.0182004285034695,0.180456516202619,3.791299961318865,1.640108223187295,1.4714534311308378,0.07350710438038859
152.03401233358093,0.7879457205044382,-0.054577790848305,0.192566196657248,19.719521870362883,1,0.7953705814732674,-0.054577790848305,0.192566196657248,4.6121912518548465,1.3160904445066046,1.4024985627258153,0.08034809303848486
150.27974026759497,1.9881982524035395,0.0564385947764465,-0.1183036603447665,20.482671617427425,0,0.2011051662534936,0.0564385947764465,-0.1183036603447665,4.3069313530290305,1.6885595408675989,1.428140394227184,0.02820345725713065
153.89731863540894,1.3658860493723024,-0.0401918725861164,0.1128454997917614,21.44872039943672,1,0.7741165263004607,-0.0401918725861164,0.1128454997917614,3.920511840225311,1.300321973883854,1.4605996333026963,0.01774395437797228
153.85862633334068,1.5470117588166388,-0.0749648337545968,0.1268513735547659,19.53341257529677,1,0.7134410325038245,-0.0749648337545968,0.1268513735547659,4.686634969881292,1.5342738544816343,1.3962452904115938,0.07506147516408584
153.6561606240544,0.5143705060999659,0.1503518602038493,0.0996843069096602,18.373711107204475,1,0.8103745491030871,0.1503518602038493,0.0996843069096602,5.15051555711821,1.7358476649551897,1.3572793210836929,0.08068347392672641
151.17837976989756,0.5190444489854384,0.019268837420968,-0.0391411548274658,18.05670068849241,0,0.1961624040448488,0.019268837420968,-0.0391411548274658,5.277319724603036,1.2480473222453643,1.3466277710149674,0.09905051420006733
152.22850372676507,1.3045295021400531,-0.0761948224903912,-0.126744658329207,18.864077196526605,0,0.0606767248799847,-0.0761948224903912,-0.126744658329207,4.954369121389358,1.3388109622445008,1.3737556216849165,0.04126176769114265
151.71740793844606,2.41425850649692,0.0408452092779228,-0.1071990193264371,18.303980568041283,0,0.1749529558004831,0.0408452092779228,-0.1071990193264371,5.178407772783487,1.4198840797309558,1.3549363749678096,0.037201808579278316
152.81903713260525,1.306265555597616,0.0079380708713625,0.0206944361797773,19.04167022371817,1,0.5512882054133548,0.0079380708713625,0.0206944361797773,4.883331910512731,1.3542013992811233,1.3797227473985532,0.07764129607419969
150.35272357439942,2.8576216291937144,0.0183512813529321,0.1686527787993875,19.07429508626947,1,0.8969979868003534,0.0183512813529321,0.1686527787993875,4.870281965492212,1.1982194281203566,1.3808189427802766,0.03408035402530179
151.38087758344204,1.3517163364613194,-0.0164702615644859,0.0691855084844298,18.098616426008743,1,0.7003161048369773,-0.0164702615644859,0.0691855084844298,5.260553429596502,1.4083205860164205,1.3480361397955163,0.09307573256035648
150.53708313253023,0.5249444996856079,-0.0527995441098127,0.1632712040595776,20.255212537727864,1,0.9540290160694994,-0.0527995441098127,0.1632712040595776,4.397914984908853,1.3111522120903631,1.4204977691492788,0.08584127518430118
150.7671713713975,1.3194949730204426,-0.1456978577807684,0.1843347921530467,20.35930450717409,1,0.8686078608496255,-0.1456978577807684,0.1843347921530467,4.356278197130363,1.5450341239179493,1.423995259322672,0.04289940273750184
153.39204518657004,1.4274844647479623,0.0168137219484195,-0.0388495960217448,19.575025077084184,0,0.183072997719507,0.0168137219484195,-0.0388495960217448,4.669989969166326,1.3097298353365807,1.3976434704716512,0.07508710677914975
154.16760850667882,1.0963577331739938,-0.1610046942138462,-0.0037535563821983,21.365984704827177,0,0.1875886900932043,-0.1610046942138462,-0.0037535563821983,3.9536061180691284,1.7403098747164467,1.4578197139638158,0.07545428740846824
154.9376066636899,1.032566492928591,4.366864168822621e-05,-0.1440461233443454,21.603056880626852,1,0.6354469606758243,4.366864168822621e-05,-0.1440461233443454,3.8587772477492592,1.3982973452202492,1.4657853390706848,0.01031238688359326
152.29579263039517,3.639838134265983,0.00970434404995,-0.0213326243116478,21.6549675331683,0,0.2017956595643724,0.00970434404995,-0.0213326243116478,3.8380129867326804,1.4692203095652259,1.4675295369960772,0.09025529066795668
151.50350123978913,1.7858269376279,0.0289181315465144,0.085926679207062,19.022422841412595,1,0.8311429652777359,0.0289181315465144,0.085926679207062,4.8910308634349615,1.5511036179585362,1.3790760353530858,0.05052523724478572
151.9931728976427,2.660110120357537,-0.1713546090238226,-0.1799522066647003,19.207626794828485,1,0.5249116008337469,-0.1713546090238226,-0.1799522066647003,4.816949282068606,1.2506692407227664,1.3852988881878596,0.08264574661077417
152.62961805226345,0.6916056658561576,0.1257843568992302,-0.0596051959396432,19.45127209082334,1,0.7351983148652756,0.1257843568992302,-0.0596051959396432,4.719491163670663,1.4776043603239062,1.3934853701332868,0.03200496010306118
152.1583360655575,2.40095640724902,0.0349975398192026,-0.0107122790505989,18.20692812796749,0,0.4754867948169089,0.0349975398192026,-0.0107122790505989,5.217228748813003,1.5977468261236945,1.3516754129813302,0.08955232284962006
152.17974985118008,0.633409774780192,-0.1198791094769065,-0.0102649650378968,21.775751127941557,0,0.4480500394247143,-0.1198791094769065,-0.0102649650378968,3.7896995488233767,1.2804653805962747,1.4715878657804589,0.03892016787341632
152.93712469962975,0.9719304239622856,0.0780092128659616,-0.112985276513113,20.221186017649828,0,0.4483114688902437,0.0780092128659616,-0.112985276513113,4.411525592940068,1.4970495568545024,1.4193544780746568,0.001083765148029836
150.92170108683374,0.1262009154419591,-0.053073126749868,-0.0529600162137505,18.476430407172696,0,0.3759641534308331,-0.053073126749868,-0.0529600162137505,5.109427837130921,1.4497131086998887,1.360730689562625,0.09053819764192637
151.58209360753435,3.944303519086407,0.0278510565790014,0.1182757322939805,18.41377553865942,1,0.8517005053773714,0.0278510565790014,0.1182757322939805,5.134489784536232,1.5258989167471757,1.358625485980579,0.009128667678613357
152.53265100141985,2.21723747229734,0.0117080715211737,0.0387851010946437,19.89819822046386,1,0.7193686770144799,0.0117080715211737,0.0387851010946437,4.540720711814455,1.272959481457496,1.4085020880892083,0.03193136375904149
150.87984622160252,1.9513896430040671,0.0250727364087747,-0.0594501917292432,18.56080316877557,0,0.1822810498747808,0.0250727364087747,-0.0594501917292432,5.075678732489771,1.2154971223898403,1.3635656143524817,0.0950061967050805
152.42293830302935,0.7067255546141515,0.0843152227545455,0.0210487286731597,21.246014300307166,1,0.9259250255931918,0.0843152227545455,0.0210487286731597,4.001594279877134,1.5820799432144779,1.4537887083719432,0.09506071469375561
153.70685515980747,1.2728357234325345,-0.098599471485905,0.029362755455565,19.16406556250994,0,0.1956752822029468,-0.098599471485905,0.029362755455565,4.834373774996024,1.4783829317669346,1.3838352307819566,0.057343788812328614
152.39915883827183,3.4972755020206723,-0.0710823269377367,-0.0928222908218964,21.9215674669973,0,0.1644611505396722,-0.0710823269377367,-0.0928222908218964,3.7313730132010807,1.564061222324613,1.4764872947727317,0.06318372121697993
150.4518207446272,1.0212670002833728,0.0562708954909725,0.0632459277811862,21.206014306105985,1,0.8463600112072487,0.0562708954909725,0.0632459277811862,4.017594277557606,1.5544119399913299,1.4524447085667835,0.04484455219783198
153.49429153418814,3.840071641839341,0.0304349361254287,-0.0072069238043688,21.406049273433016,0,0.4686101798534193,0.0304349361254287,-0.0072069238043688,3.9375802906267925,1.4071621752321986,1.459165883468972,0.029321077169806455
153.7052151564388,3.767209496946192,-0.0425825630715644,-0.0159350674437522,18.542226278400488,0,0.131828449814242,-0.0425825630715644,-0.0159350674437522,5.0831094886398045,1.4477794854100294,1.362941430835879,0.0328664545369916
153.0573355459878,3.357801235289464,-0.1195007175403818,0.2360059601813665,18.460510334098046,1,0.6293608255925428,-0.1195007175403818,0.2360059601813665,5.115795866360781,1.4541566461021191,1.3601957751073168,0.06725184560770385
152.33659092112475,1.3552393528596065,-0.0861281159950388,-0.0513931522895147,20.821204517092717,0,0.2993040112595446,-0.0861281159950388,-0.0513931522895147,4.171518193162912,1.3823623869519828,1.4395150996559378,0.075237452943768
152.59005450830327,3.15716934322992,0.0494730010483496,-0.2157251149989609,21.148143093880517,0,0.4333625422430722,0.0494730010483496,-0.2157251149989609,4.040742762447794,1.7803664125077214,1.450500235836008,0.07915790437258485
152.78207338464244,4.273059471171816,0.0739188781971789,-0.0777321960538386,21.943548577626743,0,0.454158640879872,0.0739188781971789,-0.0777321960538386,3.7225805689493026,1.5983007982266493,1.477225860089881,0.0789618142794554
154.6909376946888,2.237594072688425,-0.0446010322033171,-0.0047679585689977,19.68888484229213,0,0.0929143299061608,-0.0446010322033171,-0.0047679585689977,4.624446063083148,1.2727736340022406,1.401469158582638,0.009120610304869037
150.86362332449596,0.5719053135290192,-0.0388572750511655,-0.052638293973152,20.525747818448785,0,0.3012718195324589,-0.0388572750511655,-0.052638293973152,4.289700872620486,1.5780707958765763,1.4295877545815017,0.04944203047025815
154.1865803631023,2.1611753312072457,-0.007747518427783,0.2410587634190676,20.29897445364668,1,0.5883584817466677,-0.007747518427783,0.2410587634190676,4.3804102185413285,1.3257659189900526,1.4219681695241508,0.005755876001664429
152.38267753992994,4.986757905606025,0.021538084553467,-0.1276799476535158,19.739921590027496,1,0.6392635466106622,0.021538084553467,-0.1276799476535158,4.604031363989002,1.5712466838679142,1.4031839933065464,0.054952888232373556
154.0485017246306,0.7353626473285751,0.0237005079713264,0.1302323065007305,20.8724719659162,1,0.8642935113591776,0.0237005079713264,0.1302323065007305,4.151011213633518,1.6650270227875175,1.4412376859364069,0.0441530501373377
151.29617787795684,2.0561531606436168,0.1119923007031968,-0.0022975738156201,18.017001299403766,1,0.9455984245163752,0.1119923007031968,-0.0022975738156201,5.293199480238493,1.2721915237888324,1.345293871541589,0.08877041827582999
151.88454441494991,2.086400965555086,-0.1127641328809724,0.0262364460690072,19.0557851272618,0,0.4082846850996591,-0.1127641328809724,0.0262364460690072,4.87768594909528,1.5747034275442673,1.380197008157619,0.03509150125520787
153.97584701637896,4.037342589950824,0.239986688025149,-0.012462235440341,20.80313773923969,1,0.917820131881982,0.239986688025149,-0.012462235440341,4.178744904304123,1.550825194960551,1.4389080559200762,0.011706701642760588
154.5044552168848,0.5437173365497966,-0.0616013579000755,0.0240052975012704,18.84509514483488,0,0.0845303460297251,-0.0616013579000755,0.0240052975012704,4.961961942066048,1.546426848747248,1.3731178247480744,0.014299168205283586
154.1156783702575,0.0727607240946881,0.0616377937002955,-0.0707985923509905,21.81336903836548,0,0.3962538205867246,0.0616377937002955,-0.0707985923509905,3.774652384653807,1.8073707749687948,1.4728518275707028,0.07615106317174723
150.57978901647508,1.0592183783623836,-0.2027757279728828,-0.0578026407016832,20.406689613812706,0,0.4197054385573172,-0.2027757279728828,-0.0578026407016832,4.337324154474917,1.438779181505299,1.4255873989057295,0.06182180633162611
151.56238590246147,4.873044958055735,-0.0230352489561411,0.017245431094538,21.5329867795958,0,0.2514563517971802,-0.0230352489561411,0.017245431094538,3.88680528816168,1.400370559022418,1.4634309836760413,0.010112267612279026
150.41170952552147,0.4536206364280776,0.0671905181405754,-0.1686027709342844,20.59181076365843,1,0.5023255750277851,0.0671905181405754,-0.1686027709342844,4.2632756945366275,1.3483803050967174,1.4318074695405458,0.008410680611499743
154.2512490116001,4.388382783554211,-0.0248139027412006,-0.029566069072753,21.473485737896723,0,0.1091855541869468,-0.0248139027412006,-0.029566069072753,3.910605704841311,1.3890602059301367,1.4614317486749524,0.070096913145912
154.8735984819837,1.5209299321772318,-0.2112811200910169,0.0481658598697437,19.787370625114598,1,0.7168037829943107,-0.2112811200910169,0.0481658598697437,4.585051749954161,1.4432130244733574,1.404778280885473,0.007276300636419353
154.10898783750903,3.9501845892026455,-0.0286941398169472,-0.1848243858898855,21.20885461653075,0,0.3599992889119912,-0.0286941398169472,-0.1848243858898855,4.016458153387699,1.5537129392195526,1.452540142997056,0.08218600592903563
152.7674378519651,0.866570386281999,0.0129271675723343,0.1939706435774951,21.781332824673072,1,0.8676699781793186,0.0129271675723343,0.1939706435774951,3.787466870130771,1.5632790306901407,1.4717754107906378,0.07062422271564962
153.88663338819345,1.116079183312756,-0.0778880992137446,-0.0879144646891635,19.830762093119475,0,0.1407166703666639,-0.0778880992137446,-0.0879144646891635,4.5676951627522095,1.5803137215658405,1.4062362342104369,0.008134878064189976
154.98229651134866,2.8650325948265136,0.0451429297982786,0.2569562170532589,21.66117672040705,1,0.5614845743767858,0.0451429297982786,0.2569562170532589,3.8355293118371794,1.5196884494689855,1.4677381656872994,0.008483771408519192
152.41115605535336,1.9353152698169656,-0.0299492939006639,0.0204625014442879,19.66156546601545,0,0.2297716203162757,-0.0299492939006639,0.0204625014442879,4.635373813593819,1.6685813391133395,1.4005512275397418,0.09866395785011756
153.24323135467955,3.4032322197985296,0.0062492027147676,0.0343278774382008,21.40380168136297,1,0.6570130322238724,0.0062492027147676,0.0343278774382008,3.938479327454811,1.4693918393897252,1.4590903643754185,0.03742707957561203
151.39674356415333,3.218082206108146,0.0066220905267398,0.0165621285259207,20.74318179370793,0,0.4982914751707223,0.0066220905267398,0.0165621285259207,4.202727282516827,1.894918911138652,1.436893536150209,0.037064214706689094
154.31983967012627,3.6907827131142046,-0.0398480089715011,-0.1272456588641833,21.43760318362588,0,0.1717395650123858,-0.0398480089715011,-0.1272456588641833,3.924958726549649,1.604076197016203,1.460226094851452,0.08127995672575027
151.6484652466673,1.5556099632004456,0.0567586660504558,-0.1011940664083848,19.45317867315864,0,0.273803762060018,0.0567586660504558,-0.1011940664083848,4.718728530736544,1.3149757978373104,1.3935494312997527,0.09472485773838588
152.4607555005806,0.7575044204029829,0.1144821891996975,0.0061013314593443,19.35305598909896,1,0.9306281514737988,0.1144821891996975,0.0061013314593443,4.758777604360416,1.2795514344061807,1.3901853091153475,0.0986001063822871
150.60286322561026,2.3327451386041504,0.0915132957771433,0.0231108868731922,19.2863704606528,1,0.9190516139135806,0.0915132957771433,0.0231108868731922,4.785451815738879,1.5103155376460344,1.3879446753595566,0.07533781852589416
152.89530125395785,4.620637645222198,0.0929345986794391,-0.1303669037580285,20.675225143198272,1,0.5384007753056954,0.0929345986794391,-0.1303669037580285,4.22990994272069,1.451090774894207,1.4346101926930845,0.03762595855309158
153.88868496281682,0.6458753607443141,0.0301936245876845,-0.0927237132390028,20.07710989259001,0,0.1531841912059808,0.0301936245876845,-0.0927237132390028,4.469156042963997,1.5716135943864606,1.4145135202726469,0.008350071669866876
152.57239669002325,4.142253004763229,-0.0300269541757812,-0.1253919150960675,20.38200173967801,0,0.3538661348672184,-0.0300269541757812,-0.1253919150960675,4.347199304128795,1.5457435300208355,1.4247578863348038,0.07771469159274369
153.26307092574902,2.212827755032553,-0.1052393567474116,0.022070631284568,21.304692014001425,0,0.3720703545829011,-0.1052393567474116,0.022070631284568,3.97812319439943,1.4948359426535394,1.4557602795520703,0.05584042497358051
152.87963648885977,1.791964007024256,0.0478058053015212,-0.0341159832532261,19.818046453442797,0,0.399783734729008,0.0478058053015212,-0.0341159832532261,4.572781418622881,1.3287899310070397,1.4058089887173004,0.04242220092469763
150.7989768348066,2.4562749309302125,-0.0428230492169507,0.0087636716258676,21.667991812161556,0,0.0812546938458935,-0.0428230492169507,0.0087636716258676,3.8328032751353778,1.2907400690673712,1.4679671527702507,0.0906354385094736
153.81573224349827,4.861987136913347,0.0584564458068729,0.0887049141230554,20.109153708598807,1,0.8151270669243927,0.0584564458068729,0.0887049141230554,4.456338516560477,1.3986129496804893,1.4155901924905425,0.011119748230615135
153.91764866608568,4.645431202692562,-0.0596123031672874,0.119659258213496,20.686385847168097,1,0.7336684504003113,-0.0596123031672874,0.119659258213496,4.2254456611327615,1.6134450114949914,1.4349851923464705,0.049262510429085915
153.23052708135015,0.6188515093533448,0.0380208708797601,-0.0624613466108286,21.478840216578277,0,0.257529366528391,0.0380208708797601,-0.0624613466108286,3.9084639133686885,1.5437257207781834,1.4616116591586528,0.0011353644767419068
152.8364683164747,2.614471183900638,0.1931832149335052,-0.1321073643178135,20.016312542386952,1,0.5995633789521626,0.1931832149335052,-0.1321073643178135,4.493474983045219,1.2756099124990259,1.412470729305824,0.04686606419941263
151.03900349533953,1.5214090150601285,0.0024940203051067,0.1511600819972566,20.059709867991536,1,0.8871341006060404,0.0024940203051067,0.1511600819972566,4.476116052803386,1.4899060183238155,1.4139288794461382,0.005630327568183735
154.68273127450516,0.3852431469520384,-0.1520937249930009,-0.1866418824280433,18.298921896058992,1,0.575725069586975,-0.1520937249930009,-0.1866418824280433,5.180431241576403,1.4625640105485302,1.3547664035892046,0.011881791626807192
152.45872645575537,2.6780713649600902,0.0584448301870251,0.0008897363369809,21.621446470755373,1,0.7753256924714096,0.0584448301870251,0.0008897363369809,3.851421411697851,1.383824613868833,1.466403229299003,0.011752624677710488
153.29193816116486,2.3234479893092,0.1268003453170253,0.0176042163751633,19.368126442079,1,0.8859315793607687,0.1268003453170253,0.0176042163751633,4.7527494231683995,1.463750442227306,1.3906916763354769,0.06492103021160636
150.6468059007102,2.638578548874777,0.0999013702993058,0.1444385025870306,21.06821622940997,1,0.9168765282123666,0.0999013702993058,0.1444385025870306,4.072713508236012,1.5065460009566976,1.4478146931897975,0.07460448792654233
150.65632857090415,0.1629153402049521,-0.122051546011561,-0.042364200351671,18.63874251849313,0,0.1217943442964912,-0.122051546011561,-0.042364200351671,5.044502992602747,1.2447388318283983,1.3661843765029917,0.05833687650971597
