ra,dec,mE1,mE2,modelMag_r,Predicted_Label,Dark_Matter_Probability,Observed_Eps1,Observed_Eps2
154.05282999755335,0.4595493047900284,-0.07939364814868632,-0.13567676831035197,21.697536018794505,0,0.1059962628087989,-0.07939364814868632,-0.13567676831035197
154.45555211513306,0.2306070575380026,0.00685047683376821,-0.09474048492690612,18.411341210159154,1,0.5779715063261566,0.00685047683376821,-0.09474048492690612
151.93014287939792,3.25998026003528,0.10825195112939762,-0.0038975810827018725,20.606078708302267,1,0.7449833300429389,0.10825195112939762,-0.0038975810827018725
151.256648811592,0.7156321994020676,-0.2493224511411284,0.15059503297363,21.667416375973502,1,0.6790445629822484,-0.2493224511411284,0.15059503297363
152.4353754585686,4.631438739267143,0.0635616285475624,-0.017933684616204964,21.995242811622816,1,0.6150482893953844,0.0635616285475624,-0.017933684616204964
150.94288906348783,0.9315271103177319,-0.03725471838505159,-0.16020437577313262,19.54470289362386,0,0.2772664443057734,-0.03725471838505159,-0.16020437577313262
154.954022712322,1.6443776751356243,-0.055757650452960134,0.08325017932463208,18.753929196642787,1,0.5196535744982944,-0.055757650452960134,0.08325017932463208
151.19454185687798,3.372382453647127,0.038266301501132735,-0.03969963924558978,21.515903222675,0,0.3396204771463955,0.038266301501132735,-0.03969963924558978
153.8845262169205,2.8619100140727483,0.02351817583824759,-0.020619935288232187,19.395773302979777,0,0.3385961622188665,0.02351817583824759,-0.020619935288232187
153.36758508820745,3.353319702280783,-0.05466299242459264,0.13783510990629752,21.68230305821162,1,0.8948756731046349,-0.05466299242459264,0.13783510990629752
151.13375685444527,1.1054723519739629,0.22264049257463428,0.05803767815890039,21.347596066762975,1,0.7028167236076972,0.22264049257463428,0.05803767815890039
152.61958381393555,4.234995921631554,0.061807609205396144,0.07375984135082074,21.50012503154374,1,0.8155130543814109,0.061807609205396144,0.07375984135082074
152.17988755734152,4.821066015522462,-0.006564880634546984,-0.17025856417528268,20.91952923800175,0,0.27166859786664,-0.006564880634546984,-0.17025856417528268
150.58340813698726,4.183864365484869,-0.09558102778055605,0.1496273699457631,20.576016186651117,1,0.7457831327333513,-0.09558102778055605,0.1496273699457631
151.49118777726693,1.9445729756693146,-0.09350629090997675,0.11591739473218028,20.518128657659624,1,0.526123180603918,-0.09350629090997675,0.11591739473218028
153.3019738718182,3.1781493932979425,0.03515964067409764,-0.10059956401214337,20.304618260105457,0,0.3112958032321533,0.03515964067409764,-0.10059956401214337
154.05538401254938,3.825021817825829,-0.18312676287230717,0.1569076683138848,20.094733649340895,1,0.523073761191049,-0.18312676287230717,0.1569076683138848
151.89287124659805,2.249580151057047,-0.2359407927551061,0.0641706371403042,20.69483860041639,1,0.7788072134228543,-0.2359407927551061,0.0641706371403042
152.8920032724633,2.1785390042276687,0.10665478558424715,0.008582940673263293,21.510757005018412,1,0.7734116273241981,0.10665478558424715,0.008582940673263293
151.6307836712548,3.907764887053265,0.1959906389863804,0.012343902915200733,19.546225898217585,1,0.87406925378402,0.1959906389863804,0.012343902915200733
151.6409247986555,3.9567727119449954,0.060698150553513165,-0.00986064488811108,21.382115034054877,1,0.6349869065859504,0.060698150553513165,-0.00986064488811108
150.76044514423032,3.6236529994397437,-0.0665638463981906,0.11150200916892411,21.198150472299137,1,0.6922498678378393,-0.0665638463981906,0.11150200916892411
153.22291330962162,3.3183047167520163,-0.0855888502066504,-0.040408001235004765,18.684692288180585,0,0.4598791649195022,-0.0855888502066504,-0.040408001235004765
151.45930578649302,3.0245718036781755,-0.02662062936723841,-0.06487034607313717,18.575192740510644,0,0.4243602399355296,-0.02662062936723841,-0.06487034607313717
153.89657371725303,0.2693939075204871,-0.020555041960279036,-0.07253475048895655,19.752283845288968,0,0.4655179851436871,-0.020555041960279036,-0.07253475048895655
151.07034155743077,4.538629131976173,0.05293177718637019,0.19121477942264822,18.449474064110674,1,0.6642262661606584,0.05293177718637019,0.19121477942264822
152.04564699892575,1.6182607889616913,0.005786105834037429,-0.19045922405972326,18.52763347081752,0,0.34852527520485543,0.005786105834037429,-0.19045922405972326
153.46827166718975,2.8490841040848864,-0.03359482186161829,-0.32483347031183096,18.87639071813248,1,0.7700063930477075,-0.03359482186161829,-0.32483347031183096
153.8407794774799,1.5806625871667535,0.10742166864142151,0.051986853797988064,21.96778062591715,1,0.7945647856775911,0.10742166864142151,0.051986853797988064
152.49146504981312,2.3301555160882814,0.06086341204921483,0.09715892073996345,18.046223229501738,1,0.8013781696155272,0.06086341204921483,0.09715892073996345
150.91607851666217,1.067966366175459,0.06128991812579283,0.06865514495477484,18.53100525338873,1,0.8196087903030286,0.06128991812579283,0.06865514495477484
151.13575011122845,2.0026659668918207,-0.04621540602955021,-0.06702973456815359,20.674057716337803,0,0.3904357610589325,-0.04621540602955021,-0.06702973456815359
151.032933582742,4.7693342509776935,-0.049227964867868325,-0.006136753913883093,20.77840248369062,0,0.1227188727193447,-0.049227964867868325,-0.006136753913883093
153.39274597173625,0.5793263199487569,-0.08277483862510618,0.1617144129780752,21.376514722847148,1,0.8443834562262443,-0.08277483862510618,0.1617144129780752
151.80163693201322,1.6939842392788806,0.012437862789552376,-0.06577352675928107,19.88896830855961,0,0.1562766621764135,0.012437862789552376,-0.06577352675928107
150.60675306536527,0.7157808702613122,-0.08800623357478898,-0.030986404127994152,18.913698699004478,0,0.46644191546794245,-0.08800623357478898,-0.030986404127994152
154.05040848839306,0.8720465652974263,0.10463155621444749,-0.11519083781400513,20.827207207216485,1,0.6525063724679712,0.10463155621444749,-0.11519083781400513
150.01763542016437,0.40492040539409135,-0.04006121039472538,0.0868897377145907,18.753681830667958,1,0.7035061290181526,-0.04006121039472538,0.0868897377145907
151.47771037524268,3.7864902832651968,-0.12064490207709629,0.061105018377999046,21.70471062252868,0,0.3382994760190024,-0.12064490207709629,0.061105018377999046
152.62734842664844,4.957662624564574,0.04837015648498141,0.07211318085510615,18.25501762513542,1,0.8500423810943871,0.04837015648498141,0.07211318085510615
153.36553631642045,4.969983450629263,0.09666706081238063,-0.11731391057912784,21.893313997753747,1,0.5443071757314321,0.09666706081238063,-0.11731391057912784
153.89484919161356,0.6093691715572042,0.0024149396275016336,0.15299882297619075,20.272054168628163,1,0.8863732474765187,0.0024149396275016336,0.15299882297619075
150.61444506265389,4.418558779692891,-0.04416465230624975,0.08419046419327235,18.60892934941428,1,0.6378955197594504,-0.04416465230624975,0.08419046419327235
153.01262421260185,3.9544920458220694,0.01832405899512343,0.15646574753373405,21.44776095464307,1,0.871050251320906,0.01832405899512343,0.15646574753373405
150.90268974249383,2.1768336629957985,0.15795867092268662,-0.03304891477196864,20.198584347896954,1,0.9284110269936506,0.15795867092268662,-0.03304891477196864
154.73096613107134,1.867604595862924,0.08843826496595025,-0.017586755692503786,18.62967870444103,1,0.6223781533261272,0.08843826496595025,-0.017586755692503786
150.20832556135116,1.3751600910357442,-0.04417441891513191,-0.09502080712439998,20.58012175830548,0,0.21783917965165323,-0.04417441891513191,-0.09502080712439998
150.47625965381428,1.9755620063942274,0.009373193616787786,-0.20737651297339812,19.669105121485998,0,0.4598248031439009,0.009373193616787786,-0.20737651297339812
150.0147276262358,0.19929729987233746,0.06981342698713341,-0.02822429872495973,18.589161872726535,1,0.5983976852569975,0.06981342698713341,-0.02822429872495973
151.76028486857118,1.140805191233179,0.1664345336453823,-0.09075908902240058,18.022274543566834,1,0.8127164559133259,0.1664345336453823,-0.09075908902240058
154.48158314201038,3.246626279895977,0.1404749757050197,0.010460964330104855,20.453477611581317,1,0.861393555313819,0.1404749757050197,0.010460964330104855
151.56804877608607,4.682488032789968,-0.09114580825773796,-0.1478007492774821,21.623151363928493,0,0.273799150168808,-0.09114580825773796,-0.1478007492774821
153.23689843390173,2.4824908551521907,-0.13912891316522005,0.06464358993506696,21.72422716821311,0,0.32386423308016343,-0.13912891316522005,0.06464358993506696
152.48007087185863,2.2690124647439767,0.20850289845879,0.27714129047255737,19.838696350416782,0,0.35750980808763355,0.20850289845879,0.27714129047255737
150.00783778608016,1.407259677715735,0.01537202654191376,-0.07930617845402971,21.411596252494146,0,0.28204781269257423,0.01537202654191376,-0.07930617845402971
154.78886037233295,1.496728651771827,0.07265111130250244,-0.009242840002245782,20.573475270536946,1,0.6414276755289274,0.07265111130250244,-0.009242840002245782
152.60998863889435,3.443678989804277,-0.045532260296927585,-0.07737366050365559,18.556876327678314,0,0.343811286360643,-0.045532260296927585,-0.07737366050365559
153.00937711262304,4.041852751453542,0.03352346323411017,0.044566562816359595,18.424751061282794,1,0.8310324127937458,0.03352346323411017,0.044566562816359595
152.10843963503652,4.949316612338746,0.021618893849697476,0.018893084873018468,18.85108710037268,1,0.6272180270748395,0.021618893849697476,0.018893084873018468
150.85958488456188,1.1289552147781645,-0.11690035577202738,-0.0017072243040508355,20.394046323436047,1,0.5501721902770604,-0.11690035577202738,-0.0017072243040508355
154.15965122125172,1.212440233097446,-0.019898834704166802,0.09961956814050209,18.708002196073515,1,0.9167949983416603,-0.019898834704166802,0.09961956814050209
153.7464962669477,2.2873847181305784,0.01366675274780043,-0.15675737067079337,21.951775469436626,0,0.38840117824897097,0.01366675274780043,-0.15675737067079337
154.33368303209392,4.9361655453505495,-0.10428616414514878,0.049288837000035696,18.410292950405463,0,0.28160764790505055,-0.10428616414514878,0.049288837000035696
150.6272980605511,2.972263710370912,-0.013362606060977764,0.01127485135046176,21.669964211950564,0,0.2512715560650445,-0.013362606060977764,0.01127485135046176
152.63711999078254,2.992646350245549,-0.18242831820191727,0.04186339078640352,19.21764189603375,1,0.8190225784894005,-0.18242831820191727,0.04186339078640352
150.769382581295,3.1262150577555117,0.041488151111630504,0.014916002808981851,21.72237075433875,1,0.7021297830508658,0.041488151111630504,0.014916002808981851
152.98281898598478,0.4868128716471892,-0.049072115209660365,0.07696822816849447,21.473535917486966,1,0.5165149152143915,-0.049072115209660365,0.07696822816849447
151.4148271850492,4.710311112103021,0.1675637219532241,0.05725689728921096,21.003454387485533,1,0.9337826164722225,0.1675637219532241,0.05725689728921096
150.62800393310414,3.684513833953872,0.18529657054943593,0.01188343845642803,20.70344215620925,1,0.885851470792596,0.18529657054943593,0.01188343845642803
153.23384128023218,3.157752666223245,-0.0006798924105127274,0.25251883770050104,21.107454607508185,1,0.6736371880496639,-0.0006798924105127274,0.25251883770050104
153.7559898180059,4.374914400644324,-0.14112897820821704,-0.12985411435661984,19.467654076476137,1,0.6503544297060754,-0.14112897820821704,-0.12985411435661984
152.8207487170843,4.883836869742838,-0.06997809557108212,0.12500028162226504,18.109709119515628,1,0.76741719497804,-0.06997809557108212,0.12500028162226504
153.17898006686528,3.5867274789133665,0.13273703559486855,0.02296769047213963,19.154117337708698,1,0.8405666056425932,0.13273703559486855,0.02296769047213963
151.69149268797227,2.167853128229413,0.035740611766868796,-0.028393688297253673,18.32801997854716,0,0.40608219120698064,0.035740611766868796,-0.028393688297253673
151.00625031633015,1.607989195773446,0.14413859328561626,0.1069122713272295,21.111461114737065,1,0.8846841226686408,0.14413859328561626,0.1069122713272295
151.1214359293833,4.593768829194086,-0.13317549231917158,-0.12877291718877168,19.29063970596496,1,0.5875411692546118,-0.13317549231917158,-0.12877291718877168
153.86804718594402,1.8389102885905189,-0.05486451174707424,-0.24941452837445854,19.43636856514108,1,0.9238636633076733,-0.05486451174707424,-0.24941452837445854
153.12881214654828,2.877587799857934,0.0035502534571504904,-0.019680442336391234,21.66246360220706,0,0.15855281209955802,0.0035502534571504904,-0.019680442336391234
152.75235504617285,1.0430927131865142,0.002020002427172609,-0.21260455936313727,20.715948543171,1,0.532969923480498,0.002020002427172609,-0.21260455936313727
153.09361675223712,0.4937054010669034,0.016495944226817986,0.10986582770581697,21.563000692632034,1,0.8955098067579854,0.016495944226817986,0.10986582770581697
153.80848735120813,2.341737582342028,-0.09962030384066733,-0.05992485572443462,20.828978401956213,0,0.23951884576579258,-0.09962030384066733,-0.05992485572443462
154.3541416072725,3.8257146919271783,0.044074394964948437,-0.01198707836210108,18.412873057745237,1,0.5779994541243045,0.044074394964948437,-0.01198707836210108
154.13921742781375,3.1837784645313687,0.08875842882901869,-0.016569907798336902,19.60768382963278,1,0.6265188393125661,0.08875842882901869,-0.016569907798336902
153.01900782850896,0.5715552252645384,-0.13308239238379418,-0.012497288273353498,20.808036641505318,1,0.6547802118199679,-0.13308239238379418,-0.012497288273353498
152.74975250569923,0.7322807525087544,-0.137170632173481,-0.2675964579835552,19.460176876210898,1,0.6675813819347796,-0.137170632173481,-0.2675964579835552
151.0068594130226,0.9387440513844619,-0.05134883757413022,0.023795288081356156,21.031901668423636,0,0.176987320232771,-0.05134883757413022,0.023795288081356156
153.7023910124252,0.34787847666079175,-0.11457643059755696,-0.0012496827937326159,20.406570510926898,1,0.5163035782419095,-0.11457643059755696,-0.0012496827937326159
151.89425440960952,3.030491453724503,0.09098534118836948,0.17063145688780293,20.36873097089509,1,0.6595281885300535,0.09098534118836948,0.17063145688780293
152.1903375711531,0.057835767476202005,-0.08807143004773152,-0.13805015427090658,18.611234243695364,0,0.1481911176750552,-0.08807143004773152,-0.13805015427090658
151.06914823780886,1.7775446627949942,0.02926415225958816,-0.08985577090975855,21.456962879789643,0,0.24583108161203748,0.02926415225958816,-0.08985577090975855
153.48575006373434,0.5136259856799053,0.25116402861518716,-0.0028050669224037672,19.338094585928403,1,0.6037374527505136,0.25116402861518716,-0.0028050669224037672
153.83503943417097,3.7080374970031063,0.09732350688194294,-0.014350893488170677,18.754059100313953,1,0.6560368403425567,0.09732350688194294,-0.014350893488170677
150.2654326570509,2.319222003531163,0.04540360205379644,-0.050793589677671926,19.233533667212523,0,0.3285770118467416,0.04540360205379644,-0.050793589677671926
152.35187611411826,3.6638485060307993,-0.1754089715351144,0.10975997283004989,21.98924328910795,1,0.6291596457724363,-0.1754089715351144,0.10975997283004989
152.2590859983588,4.612782332880504,0.06044386617160611,0.16908975282264976,19.200959672112106,1,0.7386991472708919,0.06044386617160611,0.16908975282264976
153.87896468269795,2.0675316618728425,0.029650142944848232,0.12970852199845115,18.017220010572636,1,0.844801420282951,0.029650142944848232,0.12970852199845115
150.38185124713033,2.6143165156296275,-0.10802851685177627,-0.030536663107744274,20.336432845724072,1,0.5416056376165022,-0.10802851685177627,-0.030536663107744274
151.27970924036055,1.6651205995302365,0.1425409884743841,-0.1950074126068261,20.270278289827157,1,0.8794157849145509,0.1425409884743841,-0.1950074126068261
150.53830537791347,2.369949347977136,0.10920933926833674,-0.10379474148563428,21.806295745837076,1,0.6725503466663258,0.10920933926833674,-0.10379474148563428
153.00673725099867,1.5090989235591035,0.17039430672021877,0.05125745552310097,20.49295489380731,1,0.931580210275915,0.17039430672021877,0.05125745552310097
152.50155626175234,0.7867612259974377,0.14656203165509155,-0.17770007725657344,21.47893926461138,1,0.8695383957393249,0.14656203165509155,-0.17770007725657344
151.35617044153392,0.17757689480452976,-0.15162615579253003,0.06790036116456472,18.021807864531027,0,0.3203603569146851,-0.15162615579253003,0.06790036116456472
153.64668184934357,3.703089920962736,0.16029151905684913,0.13332374649758397,18.11410245085166,1,0.7531057563913206,0.16029151905684913,0.13332374649758397
154.3145590549326,2.9522134714553037,0.07141478488108537,-0.052736704058284095,18.530977371426047,1,0.565509815605385,0.07141478488108537,-0.052736704058284095
151.519800358008,3.693550423893102,-0.09722084920931946,0.10634739675546732,20.677776525268296,0,0.4536907632089396,-0.09722084920931946,0.10634739675546732
151.96141280642942,2.1665903786481415,-0.04725768750594135,-0.1184825372691551,21.37442179766328,0,0.1417151309071632,-0.04725768750594135,-0.1184825372691551
150.01198844839794,2.1671107935694267,-0.015542114921881053,0.10113512369725737,19.81226546150777,1,0.9312744638079344,-0.015542114921881053,0.10113512369725737
151.1186136665796,4.076907186107403,-0.11553314492713194,-0.1427634223177255,18.787107356902894,1,0.5770830334235568,-0.11553314492713194,-0.1427634223177255
150.2861557828546,0.6104398450312831,0.025024193839609202,0.11345461093768228,21.07452980715957,1,0.8682453313751536,0.025024193839609202,0.11345461093768228
154.25242940268694,4.43188359363176,0.14824064899398096,0.023028561643348107,18.667472701557287,1,0.8663056553331071,0.14824064899398096,0.023028561643348107
152.67998402435202,3.6108056965391757,0.1313724584567065,-0.13919009344844996,19.514728298893747,1,0.7686947441449083,0.1313724584567065,-0.13919009344844996
154.13927868450332,0.18421295980694752,0.05800822601871587,-0.00657706942130382,20.07595403085947,1,0.6427699672539214,0.05800822601871587,-0.00657706942130382
151.69137571704582,1.9656733830439688,-0.16800452404903188,-0.2338190513130871,21.849412952168354,1,0.6416167151722826,-0.16800452404903188,-0.2338190513130871
152.83187380276686,2.017532394910868,-0.01095487161087682,-0.02509057213201768,19.39648129217004,0,0.0849735238417158,-0.01095487161087682,-0.02509057213201768
153.95929311330167,1.0418385738884544,-0.08793383015822108,0.011143569884143452,21.96834427530136,0,0.1687448853653254,-0.08793383015822108,0.011143569884143452
154.17725671950404,0.2890291292475339,0.060579006653290135,-0.16679289948129583,21.13907248725309,1,0.7870063882935627,0.060579006653290135,-0.16679289948129583
150.2630276171248,2.1758343205951274,-0.009943471194387626,0.09530219481208123,19.886746967651305,1,0.9299215381875636,-0.009943471194387626,0.09530219481208123
150.30628186159186,2.865563215711701,-0.04588335228824464,0.12799369495114496,20.935653617744983,1,0.9048212676635233,-0.04588335228824464,0.12799369495114496
154.0271302953203,0.11770112653032294,-0.09029623381578239,0.07771981393057498,21.456135881030832,0,0.3550381229790422,-0.09029623381578239,0.07771981393057498
153.10721606303233,2.068232329245026,0.0682385728115808,-0.03846613728705142,20.102050190116294,1,0.5819875056057324,0.0682385728115808,-0.03846613728705142
151.12069775843494,2.7091434052544177,0.012999420851535251,0.048131108181447876,18.729885469307206,1,0.7886313857185219,0.012999420851535251,0.048131108181447876
150.88710898937586,2.6582390377800973,0.0976186339587505,-0.08447702734896081,18.904204981410196,1,0.6262109645165468,0.0976186339587505,-0.08447702734896081
152.4966202662665,2.4849903718110893,-0.17159418034002316,-0.051165689290556496,21.648803138260416,0,0.2515491505399544,-0.17159418034002316,-0.051165689290556496
154.89067800408162,1.0209153366115986,-0.048262194333078004,0.08087049713341565,20.970315248702686,1,0.5642143307160469,-0.048262194333078004,0.08087049713341565
150.58404765376667,4.6342991519732175,0.09628887086970822,-0.036222853301598155,20.271172420056047,1,0.5754155468697667,0.09628887086970822,-0.036222853301598155
152.12180415860425,4.077401787042207,0.06979071314879572,-0.23567556824868832,20.80804799993711,1,0.6276465832747412,0.06979071314879572,-0.23567556824868832
151.52987565897456,2.3837060647424653,-0.09378422564786043,-0.11561045080464237,21.523189464016138,0,0.0755637597752852,-0.09378422564786043,-0.11561045080464237
150.76658674758593,1.7208662188471675,0.06902251091901895,-0.027743358779743328,18.9283048783493,1,0.5988381455957863,0.06902251091901895,-0.027743358779743328
150.22009134131946,2.081334086720372,0.1195113147981058,-0.036540212463498825,20.068858592316246,1,0.664835155512632,0.1195113147981058,-0.036540212463498825
151.36202777270495,0.8465575217628463,-0.23408928967311304,0.026663725406957484,19.043662449547767,0,0.2759814832784389,-0.23408928967311304,0.026663725406957484
152.60040061463968,3.9337942307614253,-0.1575511557302941,-0.05147251008034673,18.58526253557469,0,0.0833831267092118,-0.1575511557302941,-0.05147251008034673
150.632941159081,1.3757609021953598,-0.14499170157564353,0.03897573811618629,19.014086676447395,0,0.3889568417310879,-0.14499170157564353,0.03897573811618629
153.90086496337202,4.520425251796573,0.002883097006298945,0.0358652436732429,18.816001760001942,1,0.6133168559754989,0.002883097006298945,0.0358652436732429
152.75160230700578,1.403137118858739,0.21260936768069094,0.2111675020812435,19.63003234809085,0,0.0210301368688826,0.21260936768069094,0.2111675020812435
152.62985741589057,1.1073543457827344,0.03777296999337992,0.06368254486027725,18.304536248388615,1,0.8745607302841472,0.03777296999337992,0.06368254486027725
154.57603173402143,2.118788359944637,0.24791705096091587,-0.010411863528319437,18.519059475757448,1,0.6230536831713099,0.24791705096091587,-0.010411863528319437
154.49869903753105,3.127363383577344,-0.023006353480912744,-0.1397540143939336,18.643219825500566,0,0.1661071257194248,-0.023006353480912744,-0.1397540143939336
154.43330520736308,2.7961874384217262,0.22382881877437777,0.010557900706775016,20.527411645221466,1,0.7625661298183849,0.22382881877437777,0.010557900706775016
150.92855844631356,1.2910774465932957,0.1204835984218226,-0.0038784284333223066,21.25888166089021,1,0.8012307148623091,0.1204835984218226,-0.0038784284333223066
150.49443286279825,3.772995663884446,-0.10634356169764828,-0.010221261119883756,21.72777097771066,1,0.5072206565603904,-0.10634356169764828,-0.010221261119883756
152.08669688683523,1.0014948320739347,-0.10130717523082505,0.020569039488171903,19.08680138006958,0,0.1894355397277741,-0.10130717523082505,0.020569039488171903
153.59065224192244,2.1401011467824143,0.05279033282436995,0.11879719538773784,20.421721957058928,1,0.8069798936373501,0.05279033282436995,0.11879719538773784
151.47556118561516,3.4196009058260044,0.13144036535328696,-0.08048279288744094,20.98657986539566,1,0.5584969502303645,0.13144036535328696,-0.08048279288744094
150.59971113552402,1.1926087156929572,-0.10445434419181476,0.17506861823995057,20.247026683635085,1,0.7979470218647543,-0.10445434419181476,0.17506861823995057
153.58432859026777,2.6057710970557055,0.0032722876073877118,0.1517920874299015,18.78781247382422,1,0.8849375381333638,0.0032722876073877118,0.1517920874299015
152.8371285755301,4.530484627413096,0.06732536212415519,-0.07759313263230946,18.419124661901726,0,0.3906674769875984,0.06732536212415519,-0.07759313263230946
154.06614421049318,1.9930570698398737,-0.07749118086481255,0.11435983056168296,21.41017926597445,1,0.6267447281887888,-0.07749118086481255,0.11435983056168296
151.1912327020979,2.1386982083593216,0.188908768065729,-0.012764963884529447,18.27111764542743,1,0.8580607666690541,0.188908768065729,-0.012764963884529447
152.67582075573466,1.2881749056291558,0.08207949232065044,0.01576063628119883,19.952469308772823,1,0.7400437257496232,0.08207949232065044,0.01576063628119883
150.31329481783462,3.0784222846677727,-0.0695532241405111,0.11732648299383355,19.660170481694347,1,0.7152042642539704,-0.0695532241405111,0.11732648299383355
152.33875173862165,3.1433430616814473,0.042701314456791865,0.13338903143642758,18.572875496244233,1,0.8228997091838043,0.042701314456791865,0.13338903143642758
152.21744494713693,0.5550404069299375,-0.06058306961131248,-0.11154073518666104,19.94265878021206,0,0.1325023449489578,-0.06058306961131248,-0.11154073518666104
150.00826117890045,1.3529663952384259,-0.039436776357589014,0.04391174903261638,21.335488579673505,0,0.3023359430103951,-0.039436776357589014,0.04391174903261638
150.0386876525151,1.2847539261904424,0.03974022679637274,0.009349158022697698,18.690968388792268,1,0.666861919349329,0.03974022679637274,0.009349158022697698
154.6968015088126,0.32466392382395737,-0.06355143851079546,-0.022875736749135234,18.540528007646742,0,0.24783885029619368,-0.06355143851079546,-0.022875736749135234
152.087997620783,2.9856985168097117,0.041848423178709904,0.061268657284091525,20.095969555476266,1,0.8648367299820838,0.041848423178709904,0.061268657284091525
150.1979007428747,1.9847061727185182,-0.10399752336712775,-0.08188348591900663,18.844889712085273,0,0.037068908933632,-0.10399752336712775,-0.08188348591900663
151.07018816155568,4.380119039202201,0.08050417015708664,0.03735914262778668,18.267848134335313,1,0.7850647645618447,0.08050417015708664,0.03735914262778668
152.20162923621052,4.945071112123828,0.06728531329382857,-0.16875295085236208,19.0173710473487,1,0.7006020858217713,0.06728531329382857,-0.16875295085236208
151.07354847877875,0.9995852736218597,-0.04945911116468682,-0.18572985220714816,20.580243475257614,0,0.2414856703500074,-0.04945911116468682,-0.18572985220714816
154.609275125978,2.597820666797319,0.12288147364316321,-0.07704391245651371,19.280722876761637,1,0.5485443805845699,0.12288147364316321,-0.07704391245651371
154.31192945462746,4.760993858168145,0.17971081842776504,-0.3597031498689841,21.561692809574588,0,0.0513153875676909,0.17971081842776504,-0.3597031498689841
151.24753474283077,2.02810419312838,0.03543104229035795,-0.09163532528470486,19.88503557630677,0,0.19334531236835611,0.03543104229035795,-0.09163532528470486
150.925932055259,4.653698048079618,-0.14742398885874652,-0.0317613907196748,18.994266108577275,0,0.1432468691882175,-0.14742398885874652,-0.0317613907196748
150.4685894593402,1.2555156079744396,0.04509247613879354,0.0322355512723868,21.944639163664494,1,0.7901504546085579,0.04509247613879354,0.0322355512723868
151.25693006945303,1.1120008779895492,0.03949953500436012,0.11164159885857672,20.533452584445328,1,0.8348912290332503,0.03949953500436012,0.11164159885857672
153.74221899163135,2.6507307228818116,-0.01603475622351091,0.03553313863336759,18.48184071596262,0,0.42368981383888027,-0.01603475622351091,0.03553313863336759
154.97819572149803,2.607399702301036,0.14245545873619134,-0.09279583196105225,19.302562738036208,1,0.5764145905931306,0.14245545873619134,-0.09279583196105225
152.9665209497698,4.075550208224395,0.04821261726563644,-0.03385349860359447,20.419142675894896,0,0.4898454457877952,0.04821261726563644,-0.03385349860359447
151.86184527070844,1.6397590969788634,0.010217937926890134,0.050498357477129,19.058547071710265,1,0.7900458557520135,0.010217937926890134,0.050498357477129
153.7676491023855,1.6208619858771929,0.030512722588882848,-0.1362059687351483,20.596062535959533,1,0.7916147316986375,0.030512722588882848,-0.1362059687351483
151.90465955124446,0.22998461882831112,0.08385072220092542,0.034743760670930206,21.74395562934762,1,0.7816339999225992,0.08385072220092542,0.034743760670930206
152.95198164920996,2.0828329795117377,-0.010458649911947643,-0.01136532546885458,20.663425221632252,0,0.1284793931652145,-0.010458649911947643,-0.01136532546885458
150.52705050779704,3.3191693449961255,-0.021885968154277548,-0.23272586202335876,19.29088055556637,0,0.41030029161079173,-0.021885968154277548,-0.23272586202335876
152.34502408956325,0.3116890312331505,0.041745062566057665,-0.016899182089672823,18.030643530587803,1,0.537853136169363,0.041745062566057665,-0.016899182089672823
153.44040127616753,2.2208295976864996,0.01894034168659239,0.10374628079195569,20.677041924971835,1,0.8985294268015727,0.01894034168659239,0.10374628079195569
153.87994561060742,4.692588446817915,-0.02200617771235476,0.2816092771466801,21.286642994017303,1,0.7771189806049926,-0.02200617771235476,0.2816092771466801
154.6208640407569,4.891546062510606,-0.0365399380969811,-0.010599658324954136,20.228687546554298,0,0.10686547108781841,-0.0365399380969811,-0.010599658324954136
153.42571066085176,2.4696416137783106,-0.20253684759325666,0.15351423071340525,20.37260150628044,1,0.7082960635482233,-0.20253684759325666,0.15351423071340525
151.02087307706,3.0122076092094425,0.09964087342245524,0.0431577073644826,21.016532143366298,1,0.7895112731134103,0.09964087342245524,0.0431577073644826
150.13390277458342,2.158552923705752,-0.05039328639563311,0.12431012242314075,20.05497106568585,1,0.8790332320004963,-0.05039328639563311,0.12431012242314075
152.8230005865512,2.0051999590212715,-0.08774203035735606,-0.041825812154598824,19.28963281022667,0,0.4612200541615894,-0.08774203035735606,-0.041825812154598824
153.6688453837137,1.7474357154188713,0.0037360830351990826,-0.08260390721791905,21.67874602901067,0,0.4601609730443005,0.0037360830351990826,-0.08260390721791905
150.62741283988578,1.184537433379436,0.1717945439216446,0.05894059486480799,18.164642792473458,1,0.9395093925457461,0.1717945439216446,0.05894059486480799
150.7522035090869,1.161766549918295,0.16106129377783202,-0.013731751734325446,18.342818303409288,1,0.9052024548455144,0.16106129377783202,-0.013731751734325446
152.14978411011506,2.869909078240131,0.0271303112522926,-0.015838876699392938,19.108200110072357,0,0.4162810567883035,0.0271303112522926,-0.015838876699392938
154.17751736160326,3.4190540072251263,-0.0646503473794152,0.03791543293943117,19.69901572774189,0,0.2211799304659463,-0.0646503473794152,0.03791543293943117
153.57311936333977,2.650191935177215,-0.14934059038140007,0.10617045853397199,19.093024442713244,1,0.6060854723669247,-0.14934059038140007,0.10617045853397199
153.61027034824832,0.13857784572679555,0.06604397113230402,0.034670071466346375,20.16960909140267,1,0.7894071832093704,0.06604397113230402,0.034670071466346375
154.72710020315483,1.6183006040160786,-0.007124585252971597,-0.09998472040917528,20.263441136014727,1,0.5607714426176931,-0.007124585252971597,-0.09998472040917528
153.8632178647192,1.7868814371759967,-0.07877694028485609,-0.012871389573264511,21.091587481628157,0,0.2610971595597435,-0.07877694028485609,-0.012871389573264511
152.33433338021666,2.6197125765527813,0.1917712008660338,-0.15413149801386006,19.163923798081992,1,0.6314623403029486,0.1917712008660338,-0.15413149801386006
152.43165297086182,0.17572301387007938,0.0457463746921626,0.028342579646557342,20.313971393825142,1,0.7744476970564077,0.0457463746921626,0.028342579646557342
150.50173329689883,2.565385038208374,0.0031945186139163218,0.0879655477176579,19.041552972765974,1,0.9309889255671855,0.0031945186139163218,0.0879655477176579
152.43056166836035,0.5298658537812995,0.07265008555750141,-0.11239441315426034,18.36223295595576,0,0.2152532323950589,0.07265008555750141,-0.11239441315426034
153.45160774014303,1.870192562242246,0.02524632111512079,-0.012577227490506977,19.114411077299938,0,0.4230814000669273,0.02524632111512079,-0.012577227490506977
150.65233591189272,0.49054689094556736,0.06620266487236091,0.053900443644228094,18.39793880825869,1,0.8117026659161795,0.06620266487236091,0.053900443644228094
153.40513356697045,2.7431549566810167,-0.04371131879511773,0.04850295009973013,18.288037761065297,0,0.3087060572897642,-0.04371131879511773,0.04850295009973013
153.0960637531937,1.4869237001647784,0.020577066479967206,0.11037815206742181,18.262874562632692,1,0.8841436999470691,0.020577066479967206,0.11037815206742181
153.11150859116682,0.8692140804211046,0.037684526262202506,0.1229366909296006,20.532162370856206,1,0.8318488445227273,0.037684526262202506,0.1229366909296006
